ASIN,Review_Link
B07YJL68VG,https://www.amazon.in/product-reviews/B07YJL68VG/ref=cm_cr_arp_d_paging_btm_next_1?ie=UTF8&reviewerType=all_reviews&pageNumber=1
B0DQ1FYGK5,https://www.amazon.in/product-reviews/B0DQ1FYGK5/ref=cm_cr_arp_d_paging_btm_next_1?ie=UTF8&reviewerType=all_reviews&pageNumber=1
B0DXV5QZRM,https://www.amazon.in/product-reviews/B0DXV5QZRM/ref=cm_cr_arp_d_paging_btm_next_1?ie=UTF8&reviewerType=all_reviews&pageNumber=1
B0BZ4P1Q44,https://www.amazon.in/product-reviews/B0BZ4P1Q44/ref=cm_cr_arp_d_paging_btm_next_1?ie=UTF8&reviewerType=all_reviews&pageNumber=1
B0DRV9QVBB,https://www.amazon.in/product-reviews/B0DRV9QVBB/ref=cm_cr_arp_d_paging_btm_next_1?ie=UTF8&reviewerType=all_reviews&pageNumber=1
B0DRH15RXB,https://www.amazon.in/product-reviews/B0DRH15RXB/ref=cm_cr_arp_d_paging_btm_next_1?ie=UTF8&reviewerType=all_reviews&pageNumber=1
B0DZHM2DH6,https://www.amazon.in/product-reviews/B0DZHM2DH6/ref=cm_cr_arp_d_paging_btm_next_1?ie=UTF8&reviewerType=all_reviews&pageNumber=1
B0DQL7Z22C,https://www.amazon.in/product-reviews/B0DQL7Z22C/ref=cm_cr_arp_d_paging_btm_next_1?ie=UTF8&reviewerType=all_reviews&pageNumber=1
B0DZHWN64L,https://www.amazon.in/product-reviews/B0DZHWN64L/ref=cm_cr_arp_d_paging_btm_next_1?ie=UTF8&reviewerType=all_reviews&pageNumber=1
B0FN7LYK48,https://www.amazon.in/product-reviews/B0FN7LYK48/ref=cm_cr_arp_d_paging_btm_next_1?ie=UTF8&reviewerType=all_reviews&pageNumber=1
B07L79T6K1,https://www.amazon.in/product-reviews/B07L79T6K1/ref=cm_cr_arp_d_paging_btm_next_1?ie=UTF8&reviewerType=all_reviews&pageNumber=1
B0FGDGFQPC,https://www.amazon.in/product-reviews/B0FGDGFQPC/ref=cm_cr_arp_d_paging_btm_next_1?ie=UTF8&reviewerType=all_reviews&pageNumber=1
B0DWFQDJNZ,https://www.amazon.in/product-reviews/B0DWFQDJNZ/ref=cm_cr_arp_d_paging_btm_next_1?ie=UTF8&reviewerType=all_reviews&pageNumber=1
B095WQGK6S,https://www.amazon.in/product-reviews/B095WQGK6S/ref=cm_cr_arp_d_paging_btm_next_1?ie=UTF8&reviewerType=all_reviews&pageNumber=1
B0CH253RFW,https://www.amazon.in/product-reviews/B0CH253RFW/ref=cm_cr_arp_d_paging_btm_next_1?ie=UTF8&reviewerType=all_reviews&pageNumber=1
B0F3NQFQTY,https://www.amazon.in/product-reviews/B0F3NQFQTY/ref=cm_cr_arp_d_paging_btm_next_1?ie=UTF8&reviewerType=all_reviews&pageNumber=1
B0D79B9WSG,https://www.amazon.in/product-reviews/B0D79B9WSG/ref=cm_cr_arp_d_paging_btm_next_1?ie=UTF8&reviewerType=all_reviews&pageNumber=1
B0F8NX9LRD,https://www.amazon.in/product-reviews/B0F8NX9LRD/ref=cm_cr_arp_d_paging_btm_next_1?ie=UTF8&reviewerType=all_reviews&pageNumber=1
B0C89TLDFZ,https://www.amazon.in/product-reviews/B0C89TLDFZ/ref=cm_cr_arp_d_paging_btm_next_1?ie=UTF8&reviewerType=all_reviews&pageNumber=1
B0FFZ34LM2,https://www.amazon.in/product-reviews/B0FFZ34LM2/ref=cm_cr_arp_d_paging_btm_next_1?ie=UTF8&reviewerType=all_reviews&pageNumber=1
B0DTYWJKPC,https://www.amazon.in/product-reviews/B0DTYWJKPC/ref=cm_cr_arp_d_paging_btm_next_1?ie=UTF8&reviewerType=all_reviews&pageNumber=1
B0D9WX86NL,https://www.amazon.in/product-reviews/B0D9WX86NL/ref=cm_cr_arp_d_paging_btm_next_1?ie=UTF8&reviewerType=all_reviews&pageNumber=1
B0FDBCL7CQ,https://www.amazon.in/product-reviews/B0FDBCL7CQ/ref=cm_cr_arp_d_paging_btm_next_1?ie=UTF8&reviewerType=all_reviews&pageNumber=1
B0FG84ZCGD,https://www.amazon.in/product-reviews/B0FG84ZCGD/ref=cm_cr_arp_d_paging_btm_next_1?ie=UTF8&reviewerType=all_reviews&pageNumber=1
B08JM36JY9,https://www.amazon.in/product-reviews/B08JM36JY9/ref=cm_cr_arp_d_paging_btm_next_1?ie=UTF8&reviewerType=all_reviews&pageNumber=1
B0DPSR4DF9,https://www.amazon.in/product-reviews/B0DPSR4DF9/ref=cm_cr_arp_d_paging_btm_next_1?ie=UTF8&reviewerType=all_reviews&pageNumber=1
B0F4XJ5VLT,https://www.amazon.in/product-reviews/B0F4XJ5VLT/ref=cm_cr_arp_d_paging_btm_next_1?ie=UTF8&reviewerType=all_reviews&pageNumber=1
B0DR5HKZKR,https://www.amazon.in/product-reviews/B0DR5HKZKR/ref=cm_cr_arp_d_paging_btm_next_1?ie=UTF8&reviewerType=all_reviews&pageNumber=1
B0DQ1NRRCM,https://www.amazon.in/product-reviews/B0DQ1NRRCM/ref=cm_cr_arp_d_paging_btm_next_1?ie=UTF8&reviewerType=all_reviews&pageNumber=1
B0F8NPXWH6,https://www.amazon.in/product-reviews/B0F8NPXWH6/ref=cm_cr_arp_d_paging_btm_next_1?ie=UTF8&reviewerType=all_reviews&pageNumber=1
B00QKJM39G,https://www.amazon.in/product-reviews/B00QKJM39G/ref=cm_cr_arp_d_paging_btm_next_1?ie=UTF8&reviewerType=all_reviews&pageNumber=1
B0F8NJ9QGK,https://www.amazon.in/product-reviews/B0F8NJ9QGK/ref=cm_cr_arp_d_paging_btm_next_1?ie=UTF8&reviewerType=all_reviews&pageNumber=1
B0DBWDHSXC,https://www.amazon.in/product-reviews/B0DBWDHSXC/ref=cm_cr_arp_d_paging_btm_next_1?ie=UTF8&reviewerType=all_reviews&pageNumber=1
B0FP92NZGZ,https://www.amazon.in/product-reviews/B0FP92NZGZ/ref=cm_cr_arp_d_paging_btm_next_1?ie=UTF8&reviewerType=all_reviews&pageNumber=1
B0DJMBGT7N,https://www.amazon.in/product-reviews/B0DJMBGT7N/ref=cm_cr_arp_d_paging_btm_next_1?ie=UTF8&reviewerType=all_reviews&pageNumber=1
B0FKSLD9VX,https://www.amazon.in/product-reviews/B0FKSLD9VX/ref=cm_cr_arp_d_paging_btm_next_1?ie=UTF8&reviewerType=all_reviews&pageNumber=1
B0F5WJ7NQ5,https://www.amazon.in/product-reviews/B0F5WJ7NQ5/ref=cm_cr_arp_d_paging_btm_next_1?ie=UTF8&reviewerType=all_reviews&pageNumber=1
B0CNW6PLLR,https://www.amazon.in/product-reviews/B0CNW6PLLR/ref=cm_cr_arp_d_paging_btm_next_1?ie=UTF8&reviewerType=all_reviews&pageNumber=1
B0DTQML5KW,https://www.amazon.in/product-reviews/B0DTQML5KW/ref=cm_cr_arp_d_paging_btm_next_1?ie=UTF8&reviewerType=all_reviews&pageNumber=1
B00BTZJ39Y,https://www.amazon.in/product-reviews/B00BTZJ39Y/ref=cm_cr_arp_d_paging_btm_next_1?ie=UTF8&reviewerType=all_reviews&pageNumber=1
B0F3FX4G5X,https://www.amazon.in/product-reviews/B0F3FX4G5X/ref=cm_cr_arp_d_paging_btm_next_1?ie=UTF8&reviewerType=all_reviews&pageNumber=1
B0FJRNNHG7,https://www.amazon.in/product-reviews/B0FJRNNHG7/ref=cm_cr_arp_d_paging_btm_next_1?ie=UTF8&reviewerType=all_reviews&pageNumber=1
B0CSD9GC4S,https://www.amazon.in/product-reviews/B0CSD9GC4S/ref=cm_cr_arp_d_paging_btm_next_1?ie=UTF8&reviewerType=all_reviews&pageNumber=1
B0CQPJD15R,https://www.amazon.in/product-reviews/B0CQPJD15R/ref=cm_cr_arp_d_paging_btm_next_1?ie=UTF8&reviewerType=all_reviews&pageNumber=1
B00LSGFY38,https://www.amazon.in/product-reviews/B00LSGFY38/ref=cm_cr_arp_d_paging_btm_next_1?ie=UTF8&reviewerType=all_reviews&pageNumber=1
B0CNP7WNWC,https://www.amazon.in/product-reviews/B0CNP7WNWC/ref=cm_cr_arp_d_paging_btm_next_1?ie=UTF8&reviewerType=all_reviews&pageNumber=1
B0FBG2SCVX,https://www.amazon.in/product-reviews/B0FBG2SCVX/ref=cm_cr_arp_d_paging_btm_next_1?ie=UTF8&reviewerType=all_reviews&pageNumber=1
B0DQ1HYDVF,https://www.amazon.in/product-reviews/B0DQ1HYDVF/ref=cm_cr_arp_d_paging_btm_next_1?ie=UTF8&reviewerType=all_reviews&pageNumber=1
B0CQJL1WMT,https://www.amazon.in/product-reviews/B0CQJL1WMT/ref=cm_cr_arp_d_paging_btm_next_1?ie=UTF8&reviewerType=all_reviews&pageNumber=1
B008TO2H7S,https://www.amazon.in/product-reviews/B008TO2H7S/ref=cm_cr_arp_d_paging_btm_next_1?ie=UTF8&reviewerType=all_reviews&pageNumber=1
B0DFWJJ3TL,https://www.amazon.in/product-reviews/B0DFWJJ3TL/ref=cm_cr_arp_d_paging_btm_next_1?ie=UTF8&reviewerType=all_reviews&pageNumber=1
B09GKQ45MF,https://www.amazon.in/product-reviews/B09GKQ45MF/ref=cm_cr_arp_d_paging_btm_next_1?ie=UTF8&reviewerType=all_reviews&pageNumber=1
B0DQ1GGL8B,https://www.amazon.in/product-reviews/B0DQ1GGL8B/ref=cm_cr_arp_d_paging_btm_next_1?ie=UTF8&reviewerType=all_reviews&pageNumber=1
B0BXKRJ7TX,https://www.amazon.in/product-reviews/B0BXKRJ7TX/ref=cm_cr_arp_d_paging_btm_next_1?ie=UTF8&reviewerType=all_reviews&pageNumber=1
B0FMFQYHDX,https://www.amazon.in/product-reviews/B0FMFQYHDX/ref=cm_cr_arp_d_paging_btm_next_1?ie=UTF8&reviewerType=all_reviews&pageNumber=1
B0FCS9YMWP,https://www.amazon.in/product-reviews/B0FCS9YMWP/ref=cm_cr_arp_d_paging_btm_next_1?ie=UTF8&reviewerType=all_reviews&pageNumber=1
B0DXL8XL3W,https://www.amazon.in/product-reviews/B0DXL8XL3W/ref=cm_cr_arp_d_paging_btm_next_1?ie=UTF8&reviewerType=all_reviews&pageNumber=1
B0DDXFNFX1,https://www.amazon.in/product-reviews/B0DDXFNFX1/ref=cm_cr_arp_d_paging_btm_next_1?ie=UTF8&reviewerType=all_reviews&pageNumber=1
B095WQC4KD,https://www.amazon.in/product-reviews/B095WQC4KD/ref=cm_cr_arp_d_paging_btm_next_1?ie=UTF8&reviewerType=all_reviews&pageNumber=1
B0BH984X9J,https://www.amazon.in/product-reviews/B0BH984X9J/ref=cm_cr_arp_d_paging_btm_next_1?ie=UTF8&reviewerType=all_reviews&pageNumber=1
B0CF966M32,https://www.amazon.in/product-reviews/B0CF966M32/ref=cm_cr_arp_d_paging_btm_next_1?ie=UTF8&reviewerType=all_reviews&pageNumber=1
B0DPCF6Y3H,https://www.amazon.in/product-reviews/B0DPCF6Y3H/ref=cm_cr_arp_d_paging_btm_next_1?ie=UTF8&reviewerType=all_reviews&pageNumber=1
B0CJXW9P3V,https://www.amazon.in/product-reviews/B0CJXW9P3V/ref=cm_cr_arp_d_paging_btm_next_1?ie=UTF8&reviewerType=all_reviews&pageNumber=1
B0DPMS2Y3D,https://www.amazon.in/product-reviews/B0DPMS2Y3D/ref=cm_cr_arp_d_paging_btm_next_1?ie=UTF8&reviewerType=all_reviews&pageNumber=1
B0FDB8LS2Z,https://www.amazon.in/product-reviews/B0FDB8LS2Z/ref=cm_cr_arp_d_paging_btm_next_1?ie=UTF8&reviewerType=all_reviews&pageNumber=1
B0CPYM44ZN,https://www.amazon.in/product-reviews/B0CPYM44ZN/ref=cm_cr_arp_d_paging_btm_next_1?ie=UTF8&reviewerType=all_reviews&pageNumber=1
B0CNRR9T24,https://www.amazon.in/product-reviews/B0CNRR9T24/ref=cm_cr_arp_d_paging_btm_next_1?ie=UTF8&reviewerType=all_reviews&pageNumber=1
B077FX2G3V,https://www.amazon.in/product-reviews/B077FX2G3V/ref=cm_cr_arp_d_paging_btm_next_1?ie=UTF8&reviewerType=all_reviews&pageNumber=1
B0FMNJCT7J,https://www.amazon.in/product-reviews/B0FMNJCT7J/ref=cm_cr_arp_d_paging_btm_next_1?ie=UTF8&reviewerType=all_reviews&pageNumber=1
B0FFZTYFWN,https://www.amazon.in/product-reviews/B0FFZTYFWN/ref=cm_cr_arp_d_paging_btm_next_1?ie=UTF8&reviewerType=all_reviews&pageNumber=1
B0CHW3V8J2,https://www.amazon.in/product-reviews/B0CHW3V8J2/ref=cm_cr_arp_d_paging_btm_next_1?ie=UTF8&reviewerType=all_reviews&pageNumber=1
B0DR2S6D86,https://www.amazon.in/product-reviews/B0DR2S6D86/ref=cm_cr_arp_d_paging_btm_next_1?ie=UTF8&reviewerType=all_reviews&pageNumber=1
B0DV5DYJWX,https://www.amazon.in/product-reviews/B0DV5DYJWX/ref=cm_cr_arp_d_paging_btm_next_1?ie=UTF8&reviewerType=all_reviews&pageNumber=1
B0DTJ1YH5K,https://www.amazon.in/product-reviews/B0DTJ1YH5K/ref=cm_cr_arp_d_paging_btm_next_1?ie=UTF8&reviewerType=all_reviews&pageNumber=1
B0DQ1JDVV1,https://www.amazon.in/product-reviews/B0DQ1JDVV1/ref=cm_cr_arp_d_paging_btm_next_1?ie=UTF8&reviewerType=all_reviews&pageNumber=1
B0DTYXGGNH,https://www.amazon.in/product-reviews/B0DTYXGGNH/ref=cm_cr_arp_d_paging_btm_next_1?ie=UTF8&reviewerType=all_reviews&pageNumber=1
B0CHW3S5SS,https://www.amazon.in/product-reviews/B0CHW3S5SS/ref=cm_cr_arp_d_paging_btm_next_1?ie=UTF8&reviewerType=all_reviews&pageNumber=1
B0CVN4C7MB,https://www.amazon.in/product-reviews/B0CVN4C7MB/ref=cm_cr_arp_d_paging_btm_next_1?ie=UTF8&reviewerType=all_reviews&pageNumber=1
B0FND3DWBZ,https://www.amazon.in/product-reviews/B0FND3DWBZ/ref=cm_cr_arp_d_paging_btm_next_1?ie=UTF8&reviewerType=all_reviews&pageNumber=1
B0DDXCFRL6,https://www.amazon.in/product-reviews/B0DDXCFRL6/ref=cm_cr_arp_d_paging_btm_next_1?ie=UTF8&reviewerType=all_reviews&pageNumber=1
B0CTFYK6CV,https://www.amazon.in/product-reviews/B0CTFYK6CV/ref=cm_cr_arp_d_paging_btm_next_1?ie=UTF8&reviewerType=all_reviews&pageNumber=1
B0B36G2MT3,https://www.amazon.in/product-reviews/B0B36G2MT3/ref=cm_cr_arp_d_paging_btm_next_1?ie=UTF8&reviewerType=all_reviews&pageNumber=1
B0DTYT2C5R,https://www.amazon.in/product-reviews/B0DTYT2C5R/ref=cm_cr_arp_d_paging_btm_next_1?ie=UTF8&reviewerType=all_reviews&pageNumber=1
B0DZXK7LNX,https://www.amazon.in/product-reviews/B0DZXK7LNX/ref=cm_cr_arp_d_paging_btm_next_1?ie=UTF8&reviewerType=all_reviews&pageNumber=1
B09GRWTSSN,https://www.amazon.in/product-reviews/B09GRWTSSN/ref=cm_cr_arp_d_paging_btm_next_1?ie=UTF8&reviewerType=all_reviews&pageNumber=1
B0FGCTPRDD,https://www.amazon.in/product-reviews/B0FGCTPRDD/ref=cm_cr_arp_d_paging_btm_next_1?ie=UTF8&reviewerType=all_reviews&pageNumber=1
B0F61V41Q1,https://www.amazon.in/product-reviews/B0F61V41Q1/ref=cm_cr_arp_d_paging_btm_next_1?ie=UTF8&reviewerType=all_reviews&pageNumber=1
B0FN7XW6G9,https://www.amazon.in/product-reviews/B0FN7XW6G9/ref=cm_cr_arp_d_paging_btm_next_1?ie=UTF8&reviewerType=all_reviews&pageNumber=1
B0CX1Q6B1P,https://www.amazon.in/product-reviews/B0CX1Q6B1P/ref=cm_cr_arp_d_paging_btm_next_1?ie=UTF8&reviewerType=all_reviews&pageNumber=1
B0DDX8T37T,https://www.amazon.in/product-reviews/B0DDX8T37T/ref=cm_cr_arp_d_paging_btm_next_1?ie=UTF8&reviewerType=all_reviews&pageNumber=1
B0FN4LLMQR,https://www.amazon.in/product-reviews/B0FN4LLMQR/ref=cm_cr_arp_d_paging_btm_next_1?ie=UTF8&reviewerType=all_reviews&pageNumber=1
B0DQ1BVYBY,https://www.amazon.in/product-reviews/B0DQ1BVYBY/ref=cm_cr_arp_d_paging_btm_next_1?ie=UTF8&reviewerType=all_reviews&pageNumber=1
B0D8BS7YZ1,https://www.amazon.in/product-reviews/B0D8BS7YZ1/ref=cm_cr_arp_d_paging_btm_next_1?ie=UTF8&reviewerType=all_reviews&pageNumber=1
B0DV992MY6,https://www.amazon.in/product-reviews/B0DV992MY6/ref=cm_cr_arp_d_paging_btm_next_1?ie=UTF8&reviewerType=all_reviews&pageNumber=1
B0DXFKD2QZ,https://www.amazon.in/product-reviews/B0DXFKD2QZ/ref=cm_cr_arp_d_paging_btm_next_1?ie=UTF8&reviewerType=all_reviews&pageNumber=1
B0FJRZJJZ4,https://www.amazon.in/product-reviews/B0FJRZJJZ4/ref=cm_cr_arp_d_paging_btm_next_1?ie=UTF8&reviewerType=all_reviews&pageNumber=1
B0DP1LY6F5,https://www.amazon.in/product-reviews/B0DP1LY6F5/ref=cm_cr_arp_d_paging_btm_next_1?ie=UTF8&reviewerType=all_reviews&pageNumber=1
B0DRW972SN,https://www.amazon.in/product-reviews/B0DRW972SN/ref=cm_cr_arp_d_paging_btm_next_1?ie=UTF8&reviewerType=all_reviews&pageNumber=1
B0D9YKNTZK,https://www.amazon.in/product-reviews/B0D9YKNTZK/ref=cm_cr_arp_d_paging_btm_next_1?ie=UTF8&reviewerType=all_reviews&pageNumber=1
B0FG8217W9,https://www.amazon.in/product-reviews/B0FG8217W9/ref=cm_cr_arp_d_paging_btm_next_1?ie=UTF8&reviewerType=all_reviews&pageNumber=1
B0DTYXDJBG,https://www.amazon.in/product-reviews/B0DTYXDJBG/ref=cm_cr_arp_d_paging_btm_next_1?ie=UTF8&reviewerType=all_reviews&pageNumber=1
B0CH4TCS81,https://www.amazon.in/product-reviews/B0CH4TCS81/ref=cm_cr_arp_d_paging_btm_next_1?ie=UTF8&reviewerType=all_reviews&pageNumber=1
B0FG82MZ5Z,https://www.amazon.in/product-reviews/B0FG82MZ5Z/ref=cm_cr_arp_d_paging_btm_next_1?ie=UTF8&reviewerType=all_reviews&pageNumber=1
B0D9JTFGXY,https://www.amazon.in/product-reviews/B0D9JTFGXY/ref=cm_cr_arp_d_paging_btm_next_1?ie=UTF8&reviewerType=all_reviews&pageNumber=1
B00DCTAZKQ,https://www.amazon.in/product-reviews/B00DCTAZKQ/ref=cm_cr_arp_d_paging_btm_next_1?ie=UTF8&reviewerType=all_reviews&pageNumber=1
B0CHW57V3N,https://www.amazon.in/product-reviews/B0CHW57V3N/ref=cm_cr_arp_d_paging_btm_next_1?ie=UTF8&reviewerType=all_reviews&pageNumber=1
B097NHQL23,https://www.amazon.in/product-reviews/B097NHQL23/ref=cm_cr_arp_d_paging_btm_next_1?ie=UTF8&reviewerType=all_reviews&pageNumber=1
B0DRSTNCJN,https://www.amazon.in/product-reviews/B0DRSTNCJN/ref=cm_cr_arp_d_paging_btm_next_1?ie=UTF8&reviewerType=all_reviews&pageNumber=1
B0DGD3X2CJ,https://www.amazon.in/product-reviews/B0DGD3X2CJ/ref=cm_cr_arp_d_paging_btm_next_1?ie=UTF8&reviewerType=all_reviews&pageNumber=1
B0CG3HNG24,https://www.amazon.in/product-reviews/B0CG3HNG24/ref=cm_cr_arp_d_paging_btm_next_1?ie=UTF8&reviewerType=all_reviews&pageNumber=1
B0DMB7T24N,https://www.amazon.in/product-reviews/B0DMB7T24N/ref=cm_cr_arp_d_paging_btm_next_1?ie=UTF8&reviewerType=all_reviews&pageNumber=1
B0CL9TSPG8,https://www.amazon.in/product-reviews/B0CL9TSPG8/ref=cm_cr_arp_d_paging_btm_next_1?ie=UTF8&reviewerType=all_reviews&pageNumber=1
B0FLTHNGZH,https://www.amazon.in/product-reviews/B0FLTHNGZH/ref=cm_cr_arp_d_paging_btm_next_1?ie=UTF8&reviewerType=all_reviews&pageNumber=1
B0D7DK3WQM,https://www.amazon.in/product-reviews/B0D7DK3WQM/ref=cm_cr_arp_d_paging_btm_next_1?ie=UTF8&reviewerType=all_reviews&pageNumber=1
B0DQ1HXSPM,https://www.amazon.in/product-reviews/B0DQ1HXSPM/ref=cm_cr_arp_d_paging_btm_next_1?ie=UTF8&reviewerType=all_reviews&pageNumber=1
B00BTZJ74K,https://www.amazon.in/product-reviews/B00BTZJ74K/ref=cm_cr_arp_d_paging_btm_next_1?ie=UTF8&reviewerType=all_reviews&pageNumber=1
B0CKM3QH56,https://www.amazon.in/product-reviews/B0CKM3QH56/ref=cm_cr_arp_d_paging_btm_next_1?ie=UTF8&reviewerType=all_reviews&pageNumber=1
B0D9Y88HDJ,https://www.amazon.in/product-reviews/B0D9Y88HDJ/ref=cm_cr_arp_d_paging_btm_next_1?ie=UTF8&reviewerType=all_reviews&pageNumber=1
B00DCTAXGM,https://www.amazon.in/product-reviews/B00DCTAXGM/ref=cm_cr_arp_d_paging_btm_next_1?ie=UTF8&reviewerType=all_reviews&pageNumber=1
B0FD7PF22H,https://www.amazon.in/product-reviews/B0FD7PF22H/ref=cm_cr_arp_d_paging_btm_next_1?ie=UTF8&reviewerType=all_reviews&pageNumber=1
B0F2HF8P4N,https://www.amazon.in/product-reviews/B0F2HF8P4N/ref=cm_cr_arp_d_paging_btm_next_1?ie=UTF8&reviewerType=all_reviews&pageNumber=1
B00BTZJ9KM,https://www.amazon.in/product-reviews/B00BTZJ9KM/ref=cm_cr_arp_d_paging_btm_next_1?ie=UTF8&reviewerType=all_reviews&pageNumber=1
B0C6LZ4WVB,https://www.amazon.in/product-reviews/B0C6LZ4WVB/ref=cm_cr_arp_d_paging_btm_next_1?ie=UTF8&reviewerType=all_reviews&pageNumber=1
B0DQ1C18SX,https://www.amazon.in/product-reviews/B0DQ1C18SX/ref=cm_cr_arp_d_paging_btm_next_1?ie=UTF8&reviewerType=all_reviews&pageNumber=1
B08K9PX15C,https://www.amazon.in/product-reviews/B08K9PX15C/ref=cm_cr_arp_d_paging_btm_next_1?ie=UTF8&reviewerType=all_reviews&pageNumber=1
B0F8V6FBMF,https://www.amazon.in/product-reviews/B0F8V6FBMF/ref=cm_cr_arp_d_paging_btm_next_1?ie=UTF8&reviewerType=all_reviews&pageNumber=1
B09RMMLHH7,https://www.amazon.in/product-reviews/B09RMMLHH7/ref=cm_cr_arp_d_paging_btm_next_1?ie=UTF8&reviewerType=all_reviews&pageNumber=1
B0FD7G2W99,https://www.amazon.in/product-reviews/B0FD7G2W99/ref=cm_cr_arp_d_paging_btm_next_1?ie=UTF8&reviewerType=all_reviews&pageNumber=1
B0CJGSHCXR,https://www.amazon.in/product-reviews/B0CJGSHCXR/ref=cm_cr_arp_d_paging_btm_next_1?ie=UTF8&reviewerType=all_reviews&pageNumber=1
B0DQ61X7W6,https://www.amazon.in/product-reviews/B0DQ61X7W6/ref=cm_cr_arp_d_paging_btm_next_1?ie=UTF8&reviewerType=all_reviews&pageNumber=1
B0FFZXB3L1,https://www.amazon.in/product-reviews/B0FFZXB3L1/ref=cm_cr_arp_d_paging_btm_next_1?ie=UTF8&reviewerType=all_reviews&pageNumber=1
B0BR5LXPMF,https://www.amazon.in/product-reviews/B0BR5LXPMF/ref=cm_cr_arp_d_paging_btm_next_1?ie=UTF8&reviewerType=all_reviews&pageNumber=1
B0FN7VFPJQ,https://www.amazon.in/product-reviews/B0FN7VFPJQ/ref=cm_cr_arp_d_paging_btm_next_1?ie=UTF8&reviewerType=all_reviews&pageNumber=1
B0DQ1NRTT6,https://www.amazon.in/product-reviews/B0DQ1NRTT6/ref=cm_cr_arp_d_paging_btm_next_1?ie=UTF8&reviewerType=all_reviews&pageNumber=1
B0FMNTGVJ3,https://www.amazon.in/product-reviews/B0FMNTGVJ3/ref=cm_cr_arp_d_paging_btm_next_1?ie=UTF8&reviewerType=all_reviews&pageNumber=1
B0DR2HKD43,https://www.amazon.in/product-reviews/B0DR2HKD43/ref=cm_cr_arp_d_paging_btm_next_1?ie=UTF8&reviewerType=all_reviews&pageNumber=1
B0FHKR7J38,https://www.amazon.in/product-reviews/B0FHKR7J38/ref=cm_cr_arp_d_paging_btm_next_1?ie=UTF8&reviewerType=all_reviews&pageNumber=1
B0F63GY5XJ,https://www.amazon.in/product-reviews/B0F63GY5XJ/ref=cm_cr_arp_d_paging_btm_next_1?ie=UTF8&reviewerType=all_reviews&pageNumber=1
B0FG84DJ6W,https://www.amazon.in/product-reviews/B0FG84DJ6W/ref=cm_cr_arp_d_paging_btm_next_1?ie=UTF8&reviewerType=all_reviews&pageNumber=1
B0D7ZXWPDN,https://www.amazon.in/product-reviews/B0D7ZXWPDN/ref=cm_cr_arp_d_paging_btm_next_1?ie=UTF8&reviewerType=all_reviews&pageNumber=1
B0CCSRJCJ3,https://www.amazon.in/product-reviews/B0CCSRJCJ3/ref=cm_cr_arp_d_paging_btm_next_1?ie=UTF8&reviewerType=all_reviews&pageNumber=1
B09VCSW393,https://www.amazon.in/product-reviews/B09VCSW393/ref=cm_cr_arp_d_paging_btm_next_1?ie=UTF8&reviewerType=all_reviews&pageNumber=1
B0CT3Q6QXT,https://www.amazon.in/product-reviews/B0CT3Q6QXT/ref=cm_cr_arp_d_paging_btm_next_1?ie=UTF8&reviewerType=all_reviews&pageNumber=1
B0D9JD8RDB,https://www.amazon.in/product-reviews/B0D9JD8RDB/ref=cm_cr_arp_d_paging_btm_next_1?ie=UTF8&reviewerType=all_reviews&pageNumber=1
B0D14BJJ5R,https://www.amazon.in/product-reviews/B0D14BJJ5R/ref=cm_cr_arp_d_paging_btm_next_1?ie=UTF8&reviewerType=all_reviews&pageNumber=1
B0FHPGQW4K,https://www.amazon.in/product-reviews/B0FHPGQW4K/ref=cm_cr_arp_d_paging_btm_next_1?ie=UTF8&reviewerType=all_reviews&pageNumber=1
B008TOAC1Q,https://www.amazon.in/product-reviews/B008TOAC1Q/ref=cm_cr_arp_d_paging_btm_next_1?ie=UTF8&reviewerType=all_reviews&pageNumber=1
B0F9YYBHR3,https://www.amazon.in/product-reviews/B0F9YYBHR3/ref=cm_cr_arp_d_paging_btm_next_1?ie=UTF8&reviewerType=all_reviews&pageNumber=1
B0F9LBV4HM,https://www.amazon.in/product-reviews/B0F9LBV4HM/ref=cm_cr_arp_d_paging_btm_next_1?ie=UTF8&reviewerType=all_reviews&pageNumber=1
B0DTQ4DYRQ,https://www.amazon.in/product-reviews/B0DTQ4DYRQ/ref=cm_cr_arp_d_paging_btm_next_1?ie=UTF8&reviewerType=all_reviews&pageNumber=1
B07BTJ8W5H,https://www.amazon.in/product-reviews/B07BTJ8W5H/ref=cm_cr_arp_d_paging_btm_next_1?ie=UTF8&reviewerType=all_reviews&pageNumber=1
B0CJC9K4R2,https://www.amazon.in/product-reviews/B0CJC9K4R2/ref=cm_cr_arp_d_paging_btm_next_1?ie=UTF8&reviewerType=all_reviews&pageNumber=1
B0FJ8KCJZF,https://www.amazon.in/product-reviews/B0FJ8KCJZF/ref=cm_cr_arp_d_paging_btm_next_1?ie=UTF8&reviewerType=all_reviews&pageNumber=1
B0DR885ZKS,https://www.amazon.in/product-reviews/B0DR885ZKS/ref=cm_cr_arp_d_paging_btm_next_1?ie=UTF8&reviewerType=all_reviews&pageNumber=1
B0DZHLNKYT,https://www.amazon.in/product-reviews/B0DZHLNKYT/ref=cm_cr_arp_d_paging_btm_next_1?ie=UTF8&reviewerType=all_reviews&pageNumber=1
B083VZT9PZ,https://www.amazon.in/product-reviews/B083VZT9PZ/ref=cm_cr_arp_d_paging_btm_next_1?ie=UTF8&reviewerType=all_reviews&pageNumber=1
B0BWFQFD3T,https://www.amazon.in/product-reviews/B0BWFQFD3T/ref=cm_cr_arp_d_paging_btm_next_1?ie=UTF8&reviewerType=all_reviews&pageNumber=1
B0FN7X75FF,https://www.amazon.in/product-reviews/B0FN7X75FF/ref=cm_cr_arp_d_paging_btm_next_1?ie=UTF8&reviewerType=all_reviews&pageNumber=1
B0FLXJDSYY,https://www.amazon.in/product-reviews/B0FLXJDSYY/ref=cm_cr_arp_d_paging_btm_next_1?ie=UTF8&reviewerType=all_reviews&pageNumber=1
B0DY82KGRP,https://www.amazon.in/product-reviews/B0DY82KGRP/ref=cm_cr_arp_d_paging_btm_next_1?ie=UTF8&reviewerType=all_reviews&pageNumber=1
B00R1AQGCS,https://www.amazon.in/product-reviews/B00R1AQGCS/ref=cm_cr_arp_d_paging_btm_next_1?ie=UTF8&reviewerType=all_reviews&pageNumber=1
B0FLW4BKHH,https://www.amazon.in/product-reviews/B0FLW4BKHH/ref=cm_cr_arp_d_paging_btm_next_1?ie=UTF8&reviewerType=all_reviews&pageNumber=1
B0FPWT85LK,https://www.amazon.in/product-reviews/B0FPWT85LK/ref=cm_cr_arp_d_paging_btm_next_1?ie=UTF8&reviewerType=all_reviews&pageNumber=1
B0F9S94X37,https://www.amazon.in/product-reviews/B0F9S94X37/ref=cm_cr_arp_d_paging_btm_next_1?ie=UTF8&reviewerType=all_reviews&pageNumber=1
B0DDX9H4M3,https://www.amazon.in/product-reviews/B0DDX9H4M3/ref=cm_cr_arp_d_paging_btm_next_1?ie=UTF8&reviewerType=all_reviews&pageNumber=1
B0FQNHQ736,https://www.amazon.in/product-reviews/B0FQNHQ736/ref=cm_cr_arp_d_paging_btm_next_1?ie=UTF8&reviewerType=all_reviews&pageNumber=1
B0DV3Z74KC,https://www.amazon.in/product-reviews/B0DV3Z74KC/ref=cm_cr_arp_d_paging_btm_next_1?ie=UTF8&reviewerType=all_reviews&pageNumber=1
B0FN7Y8NH9,https://www.amazon.in/product-reviews/B0FN7Y8NH9/ref=cm_cr_arp_d_paging_btm_next_1?ie=UTF8&reviewerType=all_reviews&pageNumber=1
B014UZJO4S,https://www.amazon.in/product-reviews/B014UZJO4S/ref=cm_cr_arp_d_paging_btm_next_1?ie=UTF8&reviewerType=all_reviews&pageNumber=1
B0CKWKNGDS,https://www.amazon.in/product-reviews/B0CKWKNGDS/ref=cm_cr_arp_d_paging_btm_next_1?ie=UTF8&reviewerType=all_reviews&pageNumber=1
B0F9SVW111,https://www.amazon.in/product-reviews/B0F9SVW111/ref=cm_cr_arp_d_paging_btm_next_1?ie=UTF8&reviewerType=all_reviews&pageNumber=1
B0FKMQB3FW,https://www.amazon.in/product-reviews/B0FKMQB3FW/ref=cm_cr_arp_d_paging_btm_next_1?ie=UTF8&reviewerType=all_reviews&pageNumber=1
B009Y7CPWG,https://www.amazon.in/product-reviews/B009Y7CPWG/ref=cm_cr_arp_d_paging_btm_next_1?ie=UTF8&reviewerType=all_reviews&pageNumber=1
B0DRCNT3BT,https://www.amazon.in/product-reviews/B0DRCNT3BT/ref=cm_cr_arp_d_paging_btm_next_1?ie=UTF8&reviewerType=all_reviews&pageNumber=1
B00Z0I6IQC,https://www.amazon.in/product-reviews/B00Z0I6IQC/ref=cm_cr_arp_d_paging_btm_next_1?ie=UTF8&reviewerType=all_reviews&pageNumber=1
B0FJ5JJ337,https://www.amazon.in/product-reviews/B0FJ5JJ337/ref=cm_cr_arp_d_paging_btm_next_1?ie=UTF8&reviewerType=all_reviews&pageNumber=1
B0CVR6WX7X,https://www.amazon.in/product-reviews/B0CVR6WX7X/ref=cm_cr_arp_d_paging_btm_next_1?ie=UTF8&reviewerType=all_reviews&pageNumber=1
B0DR57BDQZ,https://www.amazon.in/product-reviews/B0DR57BDQZ/ref=cm_cr_arp_d_paging_btm_next_1?ie=UTF8&reviewerType=all_reviews&pageNumber=1
B0FJ62RT4W,https://www.amazon.in/product-reviews/B0FJ62RT4W/ref=cm_cr_arp_d_paging_btm_next_1?ie=UTF8&reviewerType=all_reviews&pageNumber=1
B0B7NSZB51,https://www.amazon.in/product-reviews/B0B7NSZB51/ref=cm_cr_arp_d_paging_btm_next_1?ie=UTF8&reviewerType=all_reviews&pageNumber=1
B0DGL2TY9J,https://www.amazon.in/product-reviews/B0DGL2TY9J/ref=cm_cr_arp_d_paging_btm_next_1?ie=UTF8&reviewerType=all_reviews&pageNumber=1
B0D4VLW9S7,https://www.amazon.in/product-reviews/B0D4VLW9S7/ref=cm_cr_arp_d_paging_btm_next_1?ie=UTF8&reviewerType=all_reviews&pageNumber=1
B0CR1KH941,https://www.amazon.in/product-reviews/B0CR1KH941/ref=cm_cr_arp_d_paging_btm_next_1?ie=UTF8&reviewerType=all_reviews&pageNumber=1
B0DVL523D8,https://www.amazon.in/product-reviews/B0DVL523D8/ref=cm_cr_arp_d_paging_btm_next_1?ie=UTF8&reviewerType=all_reviews&pageNumber=1
B0D14FJ6Z8,https://www.amazon.in/product-reviews/B0D14FJ6Z8/ref=cm_cr_arp_d_paging_btm_next_1?ie=UTF8&reviewerType=all_reviews&pageNumber=1
B0F9T61YMM,https://www.amazon.in/product-reviews/B0F9T61YMM/ref=cm_cr_arp_d_paging_btm_next_1?ie=UTF8&reviewerType=all_reviews&pageNumber=1
B00I7QXFTC,https://www.amazon.in/product-reviews/B00I7QXFTC/ref=cm_cr_arp_d_paging_btm_next_1?ie=UTF8&reviewerType=all_reviews&pageNumber=1
B0DVGQGSK2,https://www.amazon.in/product-reviews/B0DVGQGSK2/ref=cm_cr_arp_d_paging_btm_next_1?ie=UTF8&reviewerType=all_reviews&pageNumber=1
B0DW9BMNGV,https://www.amazon.in/product-reviews/B0DW9BMNGV/ref=cm_cr_arp_d_paging_btm_next_1?ie=UTF8&reviewerType=all_reviews&pageNumber=1
B0CZ7LSNX7,https://www.amazon.in/product-reviews/B0CZ7LSNX7/ref=cm_cr_arp_d_paging_btm_next_1?ie=UTF8&reviewerType=all_reviews&pageNumber=1
B0CJDMTJCL,https://www.amazon.in/product-reviews/B0CJDMTJCL/ref=cm_cr_arp_d_paging_btm_next_1?ie=UTF8&reviewerType=all_reviews&pageNumber=1
B0BPYL3Y56,https://www.amazon.in/product-reviews/B0BPYL3Y56/ref=cm_cr_arp_d_paging_btm_next_1?ie=UTF8&reviewerType=all_reviews&pageNumber=1
B0F2F2N85T,https://www.amazon.in/product-reviews/B0F2F2N85T/ref=cm_cr_arp_d_paging_btm_next_1?ie=UTF8&reviewerType=all_reviews&pageNumber=1
B0FG83BVJN,https://www.amazon.in/product-reviews/B0FG83BVJN/ref=cm_cr_arp_d_paging_btm_next_1?ie=UTF8&reviewerType=all_reviews&pageNumber=1
B0CJCTP616,https://www.amazon.in/product-reviews/B0CJCTP616/ref=cm_cr_arp_d_paging_btm_next_1?ie=UTF8&reviewerType=all_reviews&pageNumber=1
B07Q2ZM5LS,https://www.amazon.in/product-reviews/B07Q2ZM5LS/ref=cm_cr_arp_d_paging_btm_next_1?ie=UTF8&reviewerType=all_reviews&pageNumber=1
B0819ZV5N6,https://www.amazon.in/product-reviews/B0819ZV5N6/ref=cm_cr_arp_d_paging_btm_next_1?ie=UTF8&reviewerType=all_reviews&pageNumber=1
B0DJNKJBC2,https://www.amazon.in/product-reviews/B0DJNKJBC2/ref=cm_cr_arp_d_paging_btm_next_1?ie=UTF8&reviewerType=all_reviews&pageNumber=1
B0FG88M9S9,https://www.amazon.in/product-reviews/B0FG88M9S9/ref=cm_cr_arp_d_paging_btm_next_1?ie=UTF8&reviewerType=all_reviews&pageNumber=1
B0F3N7SC6K,https://www.amazon.in/product-reviews/B0F3N7SC6K/ref=cm_cr_arp_d_paging_btm_next_1?ie=UTF8&reviewerType=all_reviews&pageNumber=1
B0DY1G9ZBQ,https://www.amazon.in/product-reviews/B0DY1G9ZBQ/ref=cm_cr_arp_d_paging_btm_next_1?ie=UTF8&reviewerType=all_reviews&pageNumber=1
B00I7QXN1M,https://www.amazon.in/product-reviews/B00I7QXN1M/ref=cm_cr_arp_d_paging_btm_next_1?ie=UTF8&reviewerType=all_reviews&pageNumber=1
B09G35ZLBV,https://www.amazon.in/product-reviews/B09G35ZLBV/ref=cm_cr_arp_d_paging_btm_next_1?ie=UTF8&reviewerType=all_reviews&pageNumber=1
B09GKKY7C9,https://www.amazon.in/product-reviews/B09GKKY7C9/ref=cm_cr_arp_d_paging_btm_next_1?ie=UTF8&reviewerType=all_reviews&pageNumber=1
B0F8MWZ84T,https://www.amazon.in/product-reviews/B0F8MWZ84T/ref=cm_cr_arp_d_paging_btm_next_1?ie=UTF8&reviewerType=all_reviews&pageNumber=1
B0DRVGSJWH,https://www.amazon.in/product-reviews/B0DRVGSJWH/ref=cm_cr_arp_d_paging_btm_next_1?ie=UTF8&reviewerType=all_reviews&pageNumber=1
B0F8NWYQZM,https://www.amazon.in/product-reviews/B0F8NWYQZM/ref=cm_cr_arp_d_paging_btm_next_1?ie=UTF8&reviewerType=all_reviews&pageNumber=1
B0FG83F2VV,https://www.amazon.in/product-reviews/B0FG83F2VV/ref=cm_cr_arp_d_paging_btm_next_1?ie=UTF8&reviewerType=all_reviews&pageNumber=1
B0DQ1MSCC1,https://www.amazon.in/product-reviews/B0DQ1MSCC1/ref=cm_cr_arp_d_paging_btm_next_1?ie=UTF8&reviewerType=all_reviews&pageNumber=1
B0FKML968J,https://www.amazon.in/product-reviews/B0FKML968J/ref=cm_cr_arp_d_paging_btm_next_1?ie=UTF8&reviewerType=all_reviews&pageNumber=1
B0FF5GKMYV,https://www.amazon.in/product-reviews/B0FF5GKMYV/ref=cm_cr_arp_d_paging_btm_next_1?ie=UTF8&reviewerType=all_reviews&pageNumber=1
B0B75JSJ5Q,https://www.amazon.in/product-reviews/B0B75JSJ5Q/ref=cm_cr_arp_d_paging_btm_next_1?ie=UTF8&reviewerType=all_reviews&pageNumber=1
B0DNWCYX6D,https://www.amazon.in/product-reviews/B0DNWCYX6D/ref=cm_cr_arp_d_paging_btm_next_1?ie=UTF8&reviewerType=all_reviews&pageNumber=1
B0FKMKNWR5,https://www.amazon.in/product-reviews/B0FKMKNWR5/ref=cm_cr_arp_d_paging_btm_next_1?ie=UTF8&reviewerType=all_reviews&pageNumber=1
B09GRKN6D1,https://www.amazon.in/product-reviews/B09GRKN6D1/ref=cm_cr_arp_d_paging_btm_next_1?ie=UTF8&reviewerType=all_reviews&pageNumber=1
B0DPJCMFNC,https://www.amazon.in/product-reviews/B0DPJCMFNC/ref=cm_cr_arp_d_paging_btm_next_1?ie=UTF8&reviewerType=all_reviews&pageNumber=1
B07L798CJ4,https://www.amazon.in/product-reviews/B07L798CJ4/ref=cm_cr_arp_d_paging_btm_next_1?ie=UTF8&reviewerType=all_reviews&pageNumber=1
B0D9NL6LTT,https://www.amazon.in/product-reviews/B0D9NL6LTT/ref=cm_cr_arp_d_paging_btm_next_1?ie=UTF8&reviewerType=all_reviews&pageNumber=1
B0DQP48DN1,https://www.amazon.in/product-reviews/B0DQP48DN1/ref=cm_cr_arp_d_paging_btm_next_1?ie=UTF8&reviewerType=all_reviews&pageNumber=1
B0F4QYM42V,https://www.amazon.in/product-reviews/B0F4QYM42V/ref=cm_cr_arp_d_paging_btm_next_1?ie=UTF8&reviewerType=all_reviews&pageNumber=1
B0DPJDNY11,https://www.amazon.in/product-reviews/B0DPJDNY11/ref=cm_cr_arp_d_paging_btm_next_1?ie=UTF8&reviewerType=all_reviews&pageNumber=1
B0FC2TCRVB,https://www.amazon.in/product-reviews/B0FC2TCRVB/ref=cm_cr_arp_d_paging_btm_next_1?ie=UTF8&reviewerType=all_reviews&pageNumber=1
B0D25SVV6X,https://www.amazon.in/product-reviews/B0D25SVV6X/ref=cm_cr_arp_d_paging_btm_next_1?ie=UTF8&reviewerType=all_reviews&pageNumber=1
B0DS2J434Z,https://www.amazon.in/product-reviews/B0DS2J434Z/ref=cm_cr_arp_d_paging_btm_next_1?ie=UTF8&reviewerType=all_reviews&pageNumber=1
B0FCRXNP5G,https://www.amazon.in/product-reviews/B0FCRXNP5G/ref=cm_cr_arp_d_paging_btm_next_1?ie=UTF8&reviewerType=all_reviews&pageNumber=1
B0F5BCVNXM,https://www.amazon.in/product-reviews/B0F5BCVNXM/ref=cm_cr_arp_d_paging_btm_next_1?ie=UTF8&reviewerType=all_reviews&pageNumber=1
B0DZXCX8JV,https://www.amazon.in/product-reviews/B0DZXCX8JV/ref=cm_cr_arp_d_paging_btm_next_1?ie=UTF8&reviewerType=all_reviews&pageNumber=1
B0F4ST344Q,https://www.amazon.in/product-reviews/B0F4ST344Q/ref=cm_cr_arp_d_paging_btm_next_1?ie=UTF8&reviewerType=all_reviews&pageNumber=1
B09SGKMNH9,https://www.amazon.in/product-reviews/B09SGKMNH9/ref=cm_cr_arp_d_paging_btm_next_1?ie=UTF8&reviewerType=all_reviews&pageNumber=1
B0FH9YJ6PX,https://www.amazon.in/product-reviews/B0FH9YJ6PX/ref=cm_cr_arp_d_paging_btm_next_1?ie=UTF8&reviewerType=all_reviews&pageNumber=1
B00VV1WGZY,https://www.amazon.in/product-reviews/B00VV1WGZY/ref=cm_cr_arp_d_paging_btm_next_1?ie=UTF8&reviewerType=all_reviews&pageNumber=1
B0FHP16VCF,https://www.amazon.in/product-reviews/B0FHP16VCF/ref=cm_cr_arp_d_paging_btm_next_1?ie=UTF8&reviewerType=all_reviews&pageNumber=1
B0CG9CXBWD,https://www.amazon.in/product-reviews/B0CG9CXBWD/ref=cm_cr_arp_d_paging_btm_next_1?ie=UTF8&reviewerType=all_reviews&pageNumber=1
B0DVBXRLCR,https://www.amazon.in/product-reviews/B0DVBXRLCR/ref=cm_cr_arp_d_paging_btm_next_1?ie=UTF8&reviewerType=all_reviews&pageNumber=1
B0D2NJ23G9,https://www.amazon.in/product-reviews/B0D2NJ23G9/ref=cm_cr_arp_d_paging_btm_next_1?ie=UTF8&reviewerType=all_reviews&pageNumber=1
B0CT35S6F3,https://www.amazon.in/product-reviews/B0CT35S6F3/ref=cm_cr_arp_d_paging_btm_next_1?ie=UTF8&reviewerType=all_reviews&pageNumber=1
B0F1LY7BV5,https://www.amazon.in/product-reviews/B0F1LY7BV5/ref=cm_cr_arp_d_paging_btm_next_1?ie=UTF8&reviewerType=all_reviews&pageNumber=1
B0DDXJY48Y,https://www.amazon.in/product-reviews/B0DDXJY48Y/ref=cm_cr_arp_d_paging_btm_next_1?ie=UTF8&reviewerType=all_reviews&pageNumber=1
B008TOBJOK,https://www.amazon.in/product-reviews/B008TOBJOK/ref=cm_cr_arp_d_paging_btm_next_1?ie=UTF8&reviewerType=all_reviews&pageNumber=1
B0FQNH63YD,https://www.amazon.in/product-reviews/B0FQNH63YD/ref=cm_cr_arp_d_paging_btm_next_1?ie=UTF8&reviewerType=all_reviews&pageNumber=1
B0FH4M4R1J,https://www.amazon.in/product-reviews/B0FH4M4R1J/ref=cm_cr_arp_d_paging_btm_next_1?ie=UTF8&reviewerType=all_reviews&pageNumber=1
B07SBHNKJF,https://www.amazon.in/product-reviews/B07SBHNKJF/ref=cm_cr_arp_d_paging_btm_next_1?ie=UTF8&reviewerType=all_reviews&pageNumber=1
B0FG4BCBXJ,https://www.amazon.in/product-reviews/B0FG4BCBXJ/ref=cm_cr_arp_d_paging_btm_next_1?ie=UTF8&reviewerType=all_reviews&pageNumber=1
B0DDXB98CN,https://www.amazon.in/product-reviews/B0DDXB98CN/ref=cm_cr_arp_d_paging_btm_next_1?ie=UTF8&reviewerType=all_reviews&pageNumber=1
B0D7VTJFVH,https://www.amazon.in/product-reviews/B0D7VTJFVH/ref=cm_cr_arp_d_paging_btm_next_1?ie=UTF8&reviewerType=all_reviews&pageNumber=1
B0DKJFCXW4,https://www.amazon.in/product-reviews/B0DKJFCXW4/ref=cm_cr_arp_d_paging_btm_next_1?ie=UTF8&reviewerType=all_reviews&pageNumber=1
B0FG7ZZ5JX,https://www.amazon.in/product-reviews/B0FG7ZZ5JX/ref=cm_cr_arp_d_paging_btm_next_1?ie=UTF8&reviewerType=all_reviews&pageNumber=1
B0DQ1H9M1F,https://www.amazon.in/product-reviews/B0DQ1H9M1F/ref=cm_cr_arp_d_paging_btm_next_1?ie=UTF8&reviewerType=all_reviews&pageNumber=1
B0DQ1HBP1F,https://www.amazon.in/product-reviews/B0DQ1HBP1F/ref=cm_cr_arp_d_paging_btm_next_1?ie=UTF8&reviewerType=all_reviews&pageNumber=1
B0F8J8L549,https://www.amazon.in/product-reviews/B0F8J8L549/ref=cm_cr_arp_d_paging_btm_next_1?ie=UTF8&reviewerType=all_reviews&pageNumber=1
B0CCLBZF7G,https://www.amazon.in/product-reviews/B0CCLBZF7G/ref=cm_cr_arp_d_paging_btm_next_1?ie=UTF8&reviewerType=all_reviews&pageNumber=1
B0CY2ZLC3M,https://www.amazon.in/product-reviews/B0CY2ZLC3M/ref=cm_cr_arp_d_paging_btm_next_1?ie=UTF8&reviewerType=all_reviews&pageNumber=1
B0DQ1H4YMK,https://www.amazon.in/product-reviews/B0DQ1H4YMK/ref=cm_cr_arp_d_paging_btm_next_1?ie=UTF8&reviewerType=all_reviews&pageNumber=1
B09GKRJJJJ,https://www.amazon.in/product-reviews/B09GKRJJJJ/ref=cm_cr_arp_d_paging_btm_next_1?ie=UTF8&reviewerType=all_reviews&pageNumber=1
B008TOCFVQ,https://www.amazon.in/product-reviews/B008TOCFVQ/ref=cm_cr_arp_d_paging_btm_next_1?ie=UTF8&reviewerType=all_reviews&pageNumber=1
B0F3FXX6SB,https://www.amazon.in/product-reviews/B0F3FXX6SB/ref=cm_cr_arp_d_paging_btm_next_1?ie=UTF8&reviewerType=all_reviews&pageNumber=1
B0F6CQFFD3,https://www.amazon.in/product-reviews/B0F6CQFFD3/ref=cm_cr_arp_d_paging_btm_next_1?ie=UTF8&reviewerType=all_reviews&pageNumber=1
B0F3V4JGYS,https://www.amazon.in/product-reviews/B0F3V4JGYS/ref=cm_cr_arp_d_paging_btm_next_1?ie=UTF8&reviewerType=all_reviews&pageNumber=1
B0FLJQ6YN7,https://www.amazon.in/product-reviews/B0FLJQ6YN7/ref=cm_cr_arp_d_paging_btm_next_1?ie=UTF8&reviewerType=all_reviews&pageNumber=1
B07MJ7C7WK,https://www.amazon.in/product-reviews/B07MJ7C7WK/ref=cm_cr_arp_d_paging_btm_next_1?ie=UTF8&reviewerType=all_reviews&pageNumber=1
B0FD74GHTZ,https://www.amazon.in/product-reviews/B0FD74GHTZ/ref=cm_cr_arp_d_paging_btm_next_1?ie=UTF8&reviewerType=all_reviews&pageNumber=1
B0CRPSPDG9,https://www.amazon.in/product-reviews/B0CRPSPDG9/ref=cm_cr_arp_d_paging_btm_next_1?ie=UTF8&reviewerType=all_reviews&pageNumber=1
B0FPFQF9QW,https://www.amazon.in/product-reviews/B0FPFQF9QW/ref=cm_cr_arp_d_paging_btm_next_1?ie=UTF8&reviewerType=all_reviews&pageNumber=1
B0DPCJPQP2,https://www.amazon.in/product-reviews/B0DPCJPQP2/ref=cm_cr_arp_d_paging_btm_next_1?ie=UTF8&reviewerType=all_reviews&pageNumber=1
B0FJXY17VN,https://www.amazon.in/product-reviews/B0FJXY17VN/ref=cm_cr_arp_d_paging_btm_next_1?ie=UTF8&reviewerType=all_reviews&pageNumber=1
B0DPHZ2LML,https://www.amazon.in/product-reviews/B0DPHZ2LML/ref=cm_cr_arp_d_paging_btm_next_1?ie=UTF8&reviewerType=all_reviews&pageNumber=1
B0DYZXS3KK,https://www.amazon.in/product-reviews/B0DYZXS3KK/ref=cm_cr_arp_d_paging_btm_next_1?ie=UTF8&reviewerType=all_reviews&pageNumber=1
B09L38121V,https://www.amazon.in/product-reviews/B09L38121V/ref=cm_cr_arp_d_paging_btm_next_1?ie=UTF8&reviewerType=all_reviews&pageNumber=1
B0DMFKBK8P,https://www.amazon.in/product-reviews/B0DMFKBK8P/ref=cm_cr_arp_d_paging_btm_next_1?ie=UTF8&reviewerType=all_reviews&pageNumber=1
B0DQ1FRVSB,https://www.amazon.in/product-reviews/B0DQ1FRVSB/ref=cm_cr_arp_d_paging_btm_next_1?ie=UTF8&reviewerType=all_reviews&pageNumber=1
B0F3TRR2ZY,https://www.amazon.in/product-reviews/B0F3TRR2ZY/ref=cm_cr_arp_d_paging_btm_next_1?ie=UTF8&reviewerType=all_reviews&pageNumber=1
B0DKHXBRCN,https://www.amazon.in/product-reviews/B0DKHXBRCN/ref=cm_cr_arp_d_paging_btm_next_1?ie=UTF8&reviewerType=all_reviews&pageNumber=1
B0D4VMV3H3,https://www.amazon.in/product-reviews/B0D4VMV3H3/ref=cm_cr_arp_d_paging_btm_next_1?ie=UTF8&reviewerType=all_reviews&pageNumber=1
B0DZXJRCSW,https://www.amazon.in/product-reviews/B0DZXJRCSW/ref=cm_cr_arp_d_paging_btm_next_1?ie=UTF8&reviewerType=all_reviews&pageNumber=1
B0FC2TZYNG,https://www.amazon.in/product-reviews/B0FC2TZYNG/ref=cm_cr_arp_d_paging_btm_next_1?ie=UTF8&reviewerType=all_reviews&pageNumber=1
B0CXY4GZ4R,https://www.amazon.in/product-reviews/B0CXY4GZ4R/ref=cm_cr_arp_d_paging_btm_next_1?ie=UTF8&reviewerType=all_reviews&pageNumber=1
B0DSC7T8K9,https://www.amazon.in/product-reviews/B0DSC7T8K9/ref=cm_cr_arp_d_paging_btm_next_1?ie=UTF8&reviewerType=all_reviews&pageNumber=1
B0DSWD5JNL,https://www.amazon.in/product-reviews/B0DSWD5JNL/ref=cm_cr_arp_d_paging_btm_next_1?ie=UTF8&reviewerType=all_reviews&pageNumber=1
B0DQ1H7FVC,https://www.amazon.in/product-reviews/B0DQ1H7FVC/ref=cm_cr_arp_d_paging_btm_next_1?ie=UTF8&reviewerType=all_reviews&pageNumber=1
B0FBVZNYG2,https://www.amazon.in/product-reviews/B0FBVZNYG2/ref=cm_cr_arp_d_paging_btm_next_1?ie=UTF8&reviewerType=all_reviews&pageNumber=1
B0DY83P4WQ,https://www.amazon.in/product-reviews/B0DY83P4WQ/ref=cm_cr_arp_d_paging_btm_next_1?ie=UTF8&reviewerType=all_reviews&pageNumber=1
B0FDB984JD,https://www.amazon.in/product-reviews/B0FDB984JD/ref=cm_cr_arp_d_paging_btm_next_1?ie=UTF8&reviewerType=all_reviews&pageNumber=1
B0FK4VP39H,https://www.amazon.in/product-reviews/B0FK4VP39H/ref=cm_cr_arp_d_paging_btm_next_1?ie=UTF8&reviewerType=all_reviews&pageNumber=1
B0CNX71CCZ,https://www.amazon.in/product-reviews/B0CNX71CCZ/ref=cm_cr_arp_d_paging_btm_next_1?ie=UTF8&reviewerType=all_reviews&pageNumber=1
B0D2NJ9JQ9,https://www.amazon.in/product-reviews/B0D2NJ9JQ9/ref=cm_cr_arp_d_paging_btm_next_1?ie=UTF8&reviewerType=all_reviews&pageNumber=1
B0FL2FLPRR,https://www.amazon.in/product-reviews/B0FL2FLPRR/ref=cm_cr_arp_d_paging_btm_next_1?ie=UTF8&reviewerType=all_reviews&pageNumber=1
B0FNCZNL69,https://www.amazon.in/product-reviews/B0FNCZNL69/ref=cm_cr_arp_d_paging_btm_next_1?ie=UTF8&reviewerType=all_reviews&pageNumber=1
B0DT7183FV,https://www.amazon.in/product-reviews/B0DT7183FV/ref=cm_cr_arp_d_paging_btm_next_1?ie=UTF8&reviewerType=all_reviews&pageNumber=1
B0B4PVF94Z,https://www.amazon.in/product-reviews/B0B4PVF94Z/ref=cm_cr_arp_d_paging_btm_next_1?ie=UTF8&reviewerType=all_reviews&pageNumber=1
B0DXFG245M,https://www.amazon.in/product-reviews/B0DXFG245M/ref=cm_cr_arp_d_paging_btm_next_1?ie=UTF8&reviewerType=all_reviews&pageNumber=1
B0FP3RFD52,https://www.amazon.in/product-reviews/B0FP3RFD52/ref=cm_cr_arp_d_paging_btm_next_1?ie=UTF8&reviewerType=all_reviews&pageNumber=1
B0BGSCMJQK,https://www.amazon.in/product-reviews/B0BGSCMJQK/ref=cm_cr_arp_d_paging_btm_next_1?ie=UTF8&reviewerType=all_reviews&pageNumber=1
B0FG7Z8R9Z,https://www.amazon.in/product-reviews/B0FG7Z8R9Z/ref=cm_cr_arp_d_paging_btm_next_1?ie=UTF8&reviewerType=all_reviews&pageNumber=1
B0DQ1CS4MJ,https://www.amazon.in/product-reviews/B0DQ1CS4MJ/ref=cm_cr_arp_d_paging_btm_next_1?ie=UTF8&reviewerType=all_reviews&pageNumber=1
B0F8J8S897,https://www.amazon.in/product-reviews/B0F8J8S897/ref=cm_cr_arp_d_paging_btm_next_1?ie=UTF8&reviewerType=all_reviews&pageNumber=1
B0F99LS4M1,https://www.amazon.in/product-reviews/B0F99LS4M1/ref=cm_cr_arp_d_paging_btm_next_1?ie=UTF8&reviewerType=all_reviews&pageNumber=1
B0D59YRK69,https://www.amazon.in/product-reviews/B0D59YRK69/ref=cm_cr_arp_d_paging_btm_next_1?ie=UTF8&reviewerType=all_reviews&pageNumber=1
B0DTJ2B2ZS,https://www.amazon.in/product-reviews/B0DTJ2B2ZS/ref=cm_cr_arp_d_paging_btm_next_1?ie=UTF8&reviewerType=all_reviews&pageNumber=1
B0DPJC2113,https://www.amazon.in/product-reviews/B0DPJC2113/ref=cm_cr_arp_d_paging_btm_next_1?ie=UTF8&reviewerType=all_reviews&pageNumber=1
B0DRS35NM6,https://www.amazon.in/product-reviews/B0DRS35NM6/ref=cm_cr_arp_d_paging_btm_next_1?ie=UTF8&reviewerType=all_reviews&pageNumber=1
B0DZHMMRXH,https://www.amazon.in/product-reviews/B0DZHMMRXH/ref=cm_cr_arp_d_paging_btm_next_1?ie=UTF8&reviewerType=all_reviews&pageNumber=1
B0CVFYVP7N,https://www.amazon.in/product-reviews/B0CVFYVP7N/ref=cm_cr_arp_d_paging_btm_next_1?ie=UTF8&reviewerType=all_reviews&pageNumber=1
B000N2FAD2,https://www.amazon.in/product-reviews/B000N2FAD2/ref=cm_cr_arp_d_paging_btm_next_1?ie=UTF8&reviewerType=all_reviews&pageNumber=1
B0BP7VSL2Y,https://www.amazon.in/product-reviews/B0BP7VSL2Y/ref=cm_cr_arp_d_paging_btm_next_1?ie=UTF8&reviewerType=all_reviews&pageNumber=1
B0CLPG3CNT,https://www.amazon.in/product-reviews/B0CLPG3CNT/ref=cm_cr_arp_d_paging_btm_next_1?ie=UTF8&reviewerType=all_reviews&pageNumber=1
B0FFB7MZ4N,https://www.amazon.in/product-reviews/B0FFB7MZ4N/ref=cm_cr_arp_d_paging_btm_next_1?ie=UTF8&reviewerType=all_reviews&pageNumber=1
B0DV9KRT1P,https://www.amazon.in/product-reviews/B0DV9KRT1P/ref=cm_cr_arp_d_paging_btm_next_1?ie=UTF8&reviewerType=all_reviews&pageNumber=1
B0FPXBXPHK,https://www.amazon.in/product-reviews/B0FPXBXPHK/ref=cm_cr_arp_d_paging_btm_next_1?ie=UTF8&reviewerType=all_reviews&pageNumber=1
B0DVTFBZHL,https://www.amazon.in/product-reviews/B0DVTFBZHL/ref=cm_cr_arp_d_paging_btm_next_1?ie=UTF8&reviewerType=all_reviews&pageNumber=1
B0DBHWJW93,https://www.amazon.in/product-reviews/B0DBHWJW93/ref=cm_cr_arp_d_paging_btm_next_1?ie=UTF8&reviewerType=all_reviews&pageNumber=1
B0DC3V5MB8,https://www.amazon.in/product-reviews/B0DC3V5MB8/ref=cm_cr_arp_d_paging_btm_next_1?ie=UTF8&reviewerType=all_reviews&pageNumber=1
B0FCH17P6G,https://www.amazon.in/product-reviews/B0FCH17P6G/ref=cm_cr_arp_d_paging_btm_next_1?ie=UTF8&reviewerType=all_reviews&pageNumber=1
B0BMFK97S8,https://www.amazon.in/product-reviews/B0BMFK97S8/ref=cm_cr_arp_d_paging_btm_next_1?ie=UTF8&reviewerType=all_reviews&pageNumber=1
B0DDXP6TT2,https://www.amazon.in/product-reviews/B0DDXP6TT2/ref=cm_cr_arp_d_paging_btm_next_1?ie=UTF8&reviewerType=all_reviews&pageNumber=1
B0FJ64LR64,https://www.amazon.in/product-reviews/B0FJ64LR64/ref=cm_cr_arp_d_paging_btm_next_1?ie=UTF8&reviewerType=all_reviews&pageNumber=1
B0DQ1NKG67,https://www.amazon.in/product-reviews/B0DQ1NKG67/ref=cm_cr_arp_d_paging_btm_next_1?ie=UTF8&reviewerType=all_reviews&pageNumber=1
B0FFTLL2BX,https://www.amazon.in/product-reviews/B0FFTLL2BX/ref=cm_cr_arp_d_paging_btm_next_1?ie=UTF8&reviewerType=all_reviews&pageNumber=1
B0BVVYWM3R,https://www.amazon.in/product-reviews/B0BVVYWM3R/ref=cm_cr_arp_d_paging_btm_next_1?ie=UTF8&reviewerType=all_reviews&pageNumber=1
B0B36D4ZYV,https://www.amazon.in/product-reviews/B0B36D4ZYV/ref=cm_cr_arp_d_paging_btm_next_1?ie=UTF8&reviewerType=all_reviews&pageNumber=1
B0DG8VL5BQ,https://www.amazon.in/product-reviews/B0DG8VL5BQ/ref=cm_cr_arp_d_paging_btm_next_1?ie=UTF8&reviewerType=all_reviews&pageNumber=1
B0F6QX2LTQ,https://www.amazon.in/product-reviews/B0F6QX2LTQ/ref=cm_cr_arp_d_paging_btm_next_1?ie=UTF8&reviewerType=all_reviews&pageNumber=1
B0CHW3361Y,https://www.amazon.in/product-reviews/B0CHW3361Y/ref=cm_cr_arp_d_paging_btm_next_1?ie=UTF8&reviewerType=all_reviews&pageNumber=1
B0FBWH3R5J,https://www.amazon.in/product-reviews/B0FBWH3R5J/ref=cm_cr_arp_d_paging_btm_next_1?ie=UTF8&reviewerType=all_reviews&pageNumber=1
B0BGS4B7PK,https://www.amazon.in/product-reviews/B0BGS4B7PK/ref=cm_cr_arp_d_paging_btm_next_1?ie=UTF8&reviewerType=all_reviews&pageNumber=1
B0FFBLXFGX,https://www.amazon.in/product-reviews/B0FFBLXFGX/ref=cm_cr_arp_d_paging_btm_next_1?ie=UTF8&reviewerType=all_reviews&pageNumber=1
B0DP4YQSRW,https://www.amazon.in/product-reviews/B0DP4YQSRW/ref=cm_cr_arp_d_paging_btm_next_1?ie=UTF8&reviewerType=all_reviews&pageNumber=1
B0B9LK5DBP,https://www.amazon.in/product-reviews/B0B9LK5DBP/ref=cm_cr_arp_d_paging_btm_next_1?ie=UTF8&reviewerType=all_reviews&pageNumber=1
B0DTQQPQGB,https://www.amazon.in/product-reviews/B0DTQQPQGB/ref=cm_cr_arp_d_paging_btm_next_1?ie=UTF8&reviewerType=all_reviews&pageNumber=1
B0DKKRHNDL,https://www.amazon.in/product-reviews/B0DKKRHNDL/ref=cm_cr_arp_d_paging_btm_next_1?ie=UTF8&reviewerType=all_reviews&pageNumber=1
B0DFGSQ4TD,https://www.amazon.in/product-reviews/B0DFGSQ4TD/ref=cm_cr_arp_d_paging_btm_next_1?ie=UTF8&reviewerType=all_reviews&pageNumber=1
B0DMNYTTBH,https://www.amazon.in/product-reviews/B0DMNYTTBH/ref=cm_cr_arp_d_paging_btm_next_1?ie=UTF8&reviewerType=all_reviews&pageNumber=1
B0FBGWX96B,https://www.amazon.in/product-reviews/B0FBGWX96B/ref=cm_cr_arp_d_paging_btm_next_1?ie=UTF8&reviewerType=all_reviews&pageNumber=1
B0BHHSPWQJ,https://www.amazon.in/product-reviews/B0BHHSPWQJ/ref=cm_cr_arp_d_paging_btm_next_1?ie=UTF8&reviewerType=all_reviews&pageNumber=1
B0DZXJCBV8,https://www.amazon.in/product-reviews/B0DZXJCBV8/ref=cm_cr_arp_d_paging_btm_next_1?ie=UTF8&reviewerType=all_reviews&pageNumber=1
B0DQ1H9Y6S,https://www.amazon.in/product-reviews/B0DQ1H9Y6S/ref=cm_cr_arp_d_paging_btm_next_1?ie=UTF8&reviewerType=all_reviews&pageNumber=1
B0FLDCN6NL,https://www.amazon.in/product-reviews/B0FLDCN6NL/ref=cm_cr_arp_d_paging_btm_next_1?ie=UTF8&reviewerType=all_reviews&pageNumber=1
B0FDB9TQ47,https://www.amazon.in/product-reviews/B0FDB9TQ47/ref=cm_cr_arp_d_paging_btm_next_1?ie=UTF8&reviewerType=all_reviews&pageNumber=1
B0D5QH62CC,https://www.amazon.in/product-reviews/B0D5QH62CC/ref=cm_cr_arp_d_paging_btm_next_1?ie=UTF8&reviewerType=all_reviews&pageNumber=1
B0FBGW781J,https://www.amazon.in/product-reviews/B0FBGW781J/ref=cm_cr_arp_d_paging_btm_next_1?ie=UTF8&reviewerType=all_reviews&pageNumber=1
B0CKVK2454,https://www.amazon.in/product-reviews/B0CKVK2454/ref=cm_cr_arp_d_paging_btm_next_1?ie=UTF8&reviewerType=all_reviews&pageNumber=1
B097B2HNCJ,https://www.amazon.in/product-reviews/B097B2HNCJ/ref=cm_cr_arp_d_paging_btm_next_1?ie=UTF8&reviewerType=all_reviews&pageNumber=1
B0CX8X43RG,https://www.amazon.in/product-reviews/B0CX8X43RG/ref=cm_cr_arp_d_paging_btm_next_1?ie=UTF8&reviewerType=all_reviews&pageNumber=1
B0FMXG6NR6,https://www.amazon.in/product-reviews/B0FMXG6NR6/ref=cm_cr_arp_d_paging_btm_next_1?ie=UTF8&reviewerType=all_reviews&pageNumber=1
B0FQNDCFRL,https://www.amazon.in/product-reviews/B0FQNDCFRL/ref=cm_cr_arp_d_paging_btm_next_1?ie=UTF8&reviewerType=all_reviews&pageNumber=1
B0CVR2W6BV,https://www.amazon.in/product-reviews/B0CVR2W6BV/ref=cm_cr_arp_d_paging_btm_next_1?ie=UTF8&reviewerType=all_reviews&pageNumber=1
B0DHVSKYCT,https://www.amazon.in/product-reviews/B0DHVSKYCT/ref=cm_cr_arp_d_paging_btm_next_1?ie=UTF8&reviewerType=all_reviews&pageNumber=1
B0DDXD2B6H,https://www.amazon.in/product-reviews/B0DDXD2B6H/ref=cm_cr_arp_d_paging_btm_next_1?ie=UTF8&reviewerType=all_reviews&pageNumber=1
B07P738DSW,https://www.amazon.in/product-reviews/B07P738DSW/ref=cm_cr_arp_d_paging_btm_next_1?ie=UTF8&reviewerType=all_reviews&pageNumber=1
B0FHPKMB36,https://www.amazon.in/product-reviews/B0FHPKMB36/ref=cm_cr_arp_d_paging_btm_next_1?ie=UTF8&reviewerType=all_reviews&pageNumber=1
B0DLG4732S,https://www.amazon.in/product-reviews/B0DLG4732S/ref=cm_cr_arp_d_paging_btm_next_1?ie=UTF8&reviewerType=all_reviews&pageNumber=1
B0DZXBPB9P,https://www.amazon.in/product-reviews/B0DZXBPB9P/ref=cm_cr_arp_d_paging_btm_next_1?ie=UTF8&reviewerType=all_reviews&pageNumber=1
B0DZXFYLVZ,https://www.amazon.in/product-reviews/B0DZXFYLVZ/ref=cm_cr_arp_d_paging_btm_next_1?ie=UTF8&reviewerType=all_reviews&pageNumber=1
B0F8NST2K1,https://www.amazon.in/product-reviews/B0F8NST2K1/ref=cm_cr_arp_d_paging_btm_next_1?ie=UTF8&reviewerType=all_reviews&pageNumber=1
